{
  "train_loss": [
    0.5049835050106048,
    0.4990669405460358,
    0.49857655525207517,
    0.4984390592575073,
    0.4985455143451691,
    0.4984262204170227,
    0.49853271126747134,
    0.49846579909324645,
    0.49834007263183594,
    0.49838096141815186,
    0.49833677053451536,
    0.4983925271034241,
    0.49815680503845217,
    0.4983164417743683,
    0.4980654358863831,
    0.49826804518699647,
    0.49819809317588803
  ],
  "val_loss": [
    0.499784026827131,
    0.49876159003802706,
    0.498355827161244,
    0.49851777298109873,
    0.49796372652053833,
    0.49846658962113516,
    0.4978501158101218,
    0.49849535737718853,
    0.49840426445007324,
    0.4985046514442989,
    0.4982856001172747,
    0.4979580044746399,
    0.49787066664014545,
    0.498177741255079,
    0.49787213121141705,
    0.4981335827282497,
    0.49797227127211435
  ],
  "consist": [
    