{
  "train_loss": [
    0.5032366180419922,
    0.49902082204818726,
    0.49852176904678347,
    0.49822888731956483,
    0.49850258946418763,
    0.49843570351600647,
    0.49836431980133056,
    0.49815991163253787,
    0.4982707643508911,
    0.49824471592903136,
    0.4982886803150177,
    0.49825342655181887,
    0.4982919919490814,
    0.4982099866867065,
    0.4981056237220764,
    0.4982673358917236,
    0.4982170629501343,
    0.49808570861816404,
    0.49826139092445376,
    0.4982700455188751,
    0.4981717908382416,
    0.4983693671226501,
    0.4981781363487244,
    0.4981147301197052,
    0.4981121015548706,
    0.4981308376789093,
    0.49826971650123597,
    0.4982300305366516,
    0.49814617753028867,
    0.4982578754425049,
    0.4981468617916107,
    0.49778139472007754,
    0.4983271563053131,
    0.49823397397994995,
    0.49823728919029237,
    0.4981844520568848,
    0.4981778931617737,
    0.498244104385376,
    0.49801634430885316,
    0.4981465482711792,
    0.4981523871421814,
    0.49790789842605593,
    0.49797693610191346,
    0.49811768293380737,
    0.497999484539032,
    0.49822502851486206,
    0.49814359545707704,
    0.4980664551258087,
    0.4982373070716858,
    0.4982923281192779,
    0.49815616130828855,
    0.49829923033714296,
    0.4980719816684723,
    0.4981716763973236,
    0.49798200488090516,
    0.49804736733436583,
    0.4980100464820862,
    0.4982651746273041,
    0.498112336397171,
    0.49805545806884766,
    0.49822698593139647,
    0.4981211996078491,
    0.4981513249874115,
    0.4981602656841278,
    0.4982012045383453,
    0.498170964717865,
    0.4981965494155884,
    0.49820961236953737,
    0.49798378348350525,
    0.498029146194458,
    0.4981217968463898,
    0.4982031238079071,
    0.49812172532081606,
    0.49821258306503297,
    0.49806992173194886,
    0.49801862001419067,
    0.4982591962814331,
    0.49770463109016416,
    0.4980494952201843,
    0.49820552468299867,
    0.49810882210731505,
    0.4981474709510803,
    0.4980481445789337,
    0.49806977033615113,
    0.49806431770324705,
    0.49805296659469606,
    0.4981583261489868,
    0.498285094499588,
    0.4981177234649658,
    0.49819241285324095,
    0.4981070971488953,
    0.4978798711299896,
    0.4981760084629059,
    0.4980965518951416,
    0.49813430309295653,
    0.4981907081604004,
    0.49820504665374754,
    0.4982252550125122,
    0.49789985895156863,
    0.4982295036315918
  ],
  "val_loss": [
    0.4990477774824415,
    0.49848699995449613,
    0.4987289990697588,
    0.49841552547046114,
    0.4985026163714273,
    0.4983269657407488,
    0.4981878272124699,
    0.4986121101038797,
    0.4982442004340036,
    0.498296673808779,
    0.4984077044895717,
    0.4978241154125759,
    0.4983356126717159,
    0.49838132091930937,
    0.4979792961052486,
    0.4979568805013384,
    0.49796193838119507,
    0.4978347718715668,
    0.49804255792072843,
    0.49803434525217327,
    0.4979524186679295,
    0.49819476689611164,
    0.4982250758579799,
    0.4979473182133266,
    0.49822513120515005,
    0.49829970938818796,
    0.4981840082577297,
    0.49776521750858854,
    0.4979268823351179,
    0.4983389377593994,
    0.4980097072465079,
    0.49825414589473177,
    0.4982022728238787,
    0.4984302350452968,
    0.4983677395752498,
    0.4970709298338209,
    0.4980759492942265,
    0.4982396108763559,
    0.4983674500669752,
    0.49814678941454205,
    0.498004002230508,
    0.4980388070855822,
    0.49767995306423735,
    0.4983310912336622,
    0.4979847456727709,
    0.4980026270662035,
    0.4982925610882895,
    0.49816830243383137,
    0.4982828455311911,
    0.49827261907713755,
    0.49833845240729197,
    0.49790937985692707,
    0.4983618642602648,
    0.4981195160320827,
    0.49803596309253145,
    0.49821185639926363,
    0.4973612427711487,
    0.4977757717881884,
    0.4981063391481127,
    0.49834546021052767,
    0.49838232568332125,
    0.4984057545661926,
    0.49749828236443655,
    0.49792009592056274,
    0.4982502545629229,
    0.49376192688941956,
    0.4984368681907654,
    0.4970739952155522,
    0.49839848279953003,
    0.498278592314039,
    0.4983739342008318,
    0.49823518310274395,
    0.49699914881161283,
    0.4981665781566075,
    0.49821325710841585,
    0.49823627301624845,
    0.4980560839176178,
    0.49775504640170504,
    0.4979639862264906,
    0.49834464703287396,
    0.4980593068259103,
    0.49836926800864084,
    0.49819503511701313,
    0.4983784002917154,
    0.49839102370398386,
    0.4982829817703792,
    0.4977906814643315,
    0.4982862259660448,
    0.49834971342767986,
    0.49828738825661795,
    0.4982268043926784,
    0.4978505330426352,
    0.4982786008289882,
    0.4981534353324345,
    0.49819340450423105,
    0.49766149265425547,
    0.4980494124548776,
    0.49803665706089567,
    0.4981559770447867,
    0.4983714052609035
  ],
  "consist": [
    0.0,
    0.0,
    0.0,
    0.0,
    0.0,
    0.0,
    0.0,
    0.0,
    0.0,
    0.0,
    0.0,
    0.0,
    0.0,
    0.0,
    0.0,
    0.0,
    0.0,
    0.0,
    0.0,
    0.0,
    0.0,
    0.0,
    0.0,
    0.0,
    0.0,
    0.0,
    0.0,
    0.0,
    0.0,
    0.0,
    0.0,
    0.0,
    0.0,
    0.0,
    0.0,
    0.0,
    0.0,
    0.0,
    0.0,
    0.0,
    0.0,
    0.0,
    0.0,
    0.0,
    0.0,
    0.0,
    0.0,
    0.0,
    0.0,
    0.0,
    0.0,
    0.0,
    0.0,
    0.0,
    0.0,
    0.0,
    0.0,
    0.0,
    0.0,
    0.0,
    0.0,
    0.0,
    0.0,
    0.0,
    0.0,
    0.0,
    0.0,
    0.0,
    0.0,
    0.0,
    0.0,
    0.0,
    0.0,
    0.0,
    0.0,
    0.0,
    0.0,
    0.0,
    0.0,
    0.0,
    0.0,
    0.0,
    0.0,
    0.0,
    0.0,
    0.0,
    0.0,
    0.0,
    0.0,
    0.0,
    0.0,
    0.0,
    0.0,
    0.0,
    0.0,
    0.0,
    0.0,
    0.0,
    0.0,
    0.0
  ],